Date,Price,Open,High,Low,Change %
"Oct 21, 2017",58.311,59.964,60.379,56.08,-2.78
"Oct 20, 2017",59.98,59.614,62.3,58.111,0.72
"Oct 19, 2017",59.55,60.5,61.399,58.221,-1.57
"Oct 18, 2017",60.5,59.187,61.803,52.882,2.35
"Oct 17, 2017",59.113,64.782,65,58.466,-8.75
"Oct 16, 2017",64.782,65.861,66.479,62.272,-1.28
"Oct 15, 2017",65.624,63.94,70.25,62,2.68
"Oct 14, 2017",63.913,59.306,66.316,58.21,7.77
"Oct 13, 2017",59.305,60.303,60.779,55.22,-0.83
"Oct 12, 2017",59.8,50.804,59.8,50.693,17.71
"Oct 11, 2017",50.804,50.698,51.139,50.193,0.21
"Oct 10, 2017",50.698,50.068,51.78,49.66,1.2
"Oct 09, 2017",50.098,53.3,53.485,47.981,-6.15
"Oct 08, 2017",53.379,52.628,54.82,52.309,1.54
"Oct 07, 2017",52.571,52.068,52.952,51.531,0.99
"Oct 06, 2017",52.056,51.643,52.8,51.35,0.76
"Oct 05, 2017",51.665,51.235,51.948,50.12,0.84
"Oct 04, 2017",51.235,52.083,52.999,50.501,-1.75
"Oct 03, 2017",52.15,53.301,53.569,51.187,-2.27
"Oct 02, 2017",53.359,54.875,55.196,52.98,-2.75
"Oct 01, 2017",54.87,55.532,55.69,53.557,-1.24
"Sep 30, 2017",55.56,52.958,56.01,52.913,5.08
"Sep 29, 2017",52.875,54.919,54.955,50.552,-3.58
"Sep 28, 2017",54.84,56.823,57.247,53.9,-3.63
"Sep 27, 2017",56.904,52.203,57.38,52.091,9.05
"Sep 26, 2017",52.183,52.361,54.426,51.316,-0.32
"Sep 25, 2017",52.353,47.3,53.24,47.3,10.54
"Sep 24, 2017",47.359,49.148,49.417,47.079,-3.64
"Sep 23, 2017",49.15,47.535,49.89,46.201,3.47
"Sep 22, 2017",47.5,46.333,48.7,44.62,2.39
"Sep 21, 2017",46.393,51.538,52.56,44.997,-9.92
"Sep 20, 2017",51.502,52.58,54.376,50.985,-2.23
"Sep 19, 2017",52.679,56.299,57.091,51,-6.12
"Sep 18, 2017",56.111,50.72,57.377,50.72,10.65
"Sep 17, 2017",50.71,51.892,52.778,47.59,-2.15
"Sep 16, 2017",51.824,51.82,56.763,49.521,0.01
"Sep 15, 2017",51.821,44.898,55.236,33,15.16
"Sep 14, 2017",45,61.653,62.675,44.63,-27.01
"Sep 13, 2017",61.653,65.945,66.3,57.76,-6.29
"Sep 12, 2017",65.794,68.121,72,64.3,-3.21
"Sep 11, 2017",67.979,67.25,71.499,65.617,0.92
"Sep 10, 2017",67.356,70.75,70.9,62.54,-5
"Sep 09, 2017",70.899,72.91,73.5,68.674,-2.88
"Sep 08, 2017",73,80.1,82.21,67.4,-8.86
"Sep 07, 2017",80.1,81.11,83.031,77.1,-1.25
"Sep 06, 2017",81.111,73,82,73,10.67
"Sep 05, 2017",73.288,66.8,74.569,60.746,9.75
"Sep 04, 2017",66.776,78.76,78.761,61.81,-15.1
"Sep 03, 2017",78.65,78.495,83.58,72.823,0.34
"Sep 02, 2017",78.38,87.155,93.619,72.441,-10.03
"Sep 01, 2017",87.115,72.352,89.677,71.266,19.85
"Aug 31, 2017",72.689,65.6,74.251,64.776,11.06
"Aug 30, 2017",65.452,63.527,66.064,61.397,3.02
"Aug 29, 2017",63.534,62.161,63.933,60.631,2.24
"Aug 28, 2017",62.14,60.462,64.82,58.729,2.71
"Aug 27, 2017",60.501,51.529,64.265,51.5,17.41
"Aug 26, 2017",51.529,50.915,52.097,49.9,1.22
"Aug 25, 2017",50.907,49.678,52.274,49.26,2.5
"Aug 24, 2017",49.663,53.004,53.464,49.55,-6.55
"Aug 23, 2017",53.146,46.327,55,45.927,14.98
"Aug 22, 2017",46.22,47.97,47.971,44.51,-3.74
"Aug 21, 2017",48.014,45.7,48.8,45.035,5.22
"Aug 20, 2017",45.632,44.976,47.314,43.9,1.46
"Aug 19, 2017",44.976,46.485,46.524,42.71,-3.36
"Aug 18, 2017",46.541,43.68,47.8,43.014,6.48
"Aug 17, 2017",43.71,43.911,44.909,42.91,-0.46
"Aug 16, 2017",43.911,43.003,44.85,41.961,2.19
"Aug 15, 2017",42.97,45.499,45.57,41.37,-5.4
"Aug 14, 2017",45.424,45.276,46.275,44.86,0.39
"Aug 13, 2017",45.248,45.879,47.68,43.843,-1.38
"Aug 12, 2017",45.879,46.964,47.6,45.783,-2.32
"Aug 11, 2017",46.971,46.5,47.374,46,1.04
"Aug 10, 2017",46.486,47.56,48.593,46.486,-2.26
"Aug 09, 2017",47.56,49,50.208,46.714,-2.94
"Aug 08, 2017",49,46,49.737,45.75,6.52
"Aug 07, 2017",46,45.486,46.79,45.174,1.13
"Aug 06, 2017",45.486,46.311,46.911,45,-1.63
"Aug 05, 2017",46.239,43.018,47.232,42.976,7.49
"Aug 04, 2017",43.018,42.58,43.628,42.283,1.03
"Aug 03, 2017",42.581,41.812,42.99,41.661,1.98
"Aug 02, 2017",41.756,43.12,43.251,41.438,-3.22
"Aug 01, 2017",43.147,42.107,44.361,40.2,2.29
"Jul 31, 2017",42.183,40.001,43.47,38.111,5.45
"Jul 30, 2017",40.001,41.017,42,39.601,-2.56
"Jul 29, 2017",41.053,40.439,41.375,38.384,1.52
"Jul 28, 2017",40.439,41.774,42.153,39.532,-3.2
"Jul 27, 2017",41.774,42.102,42.404,40.655,-0.78
"Jul 26, 2017",42.102,42.081,42.83,40.101,-0.21
"Jul 25, 2017",42.191,45.1,45.48,40.2,-6.45
"Jul 24, 2017",45.1,45.107,45.698,44.06,-0.02
"Jul 23, 2017",45.107,47.01,47.207,43.62,-4.05
"Jul 22, 2017",47.01,45.45,47.577,45.136,3.43
"Jul 21, 2017",45.45,44.85,47.89,44.2,1.42
"Jul 20, 2017",44.812,40,46.137,40,11.98
"Jul 19, 2017",40.018,43.469,44.25,39.5,-7.72
"Jul 18, 2017",43.365,42.129,44.9,40.701,3.03
"Jul 17, 2017",42.09,40.934,43.03,39.651,2.96
"Jul 16, 2017",40.879,38.409,41.864,36,6.51
"Jul 15, 2017",38.38,42.35,42.5,37.701,-9.37
"Jul 14, 2017",42.35,45.165,45.664,39.635,-6.24
"Jul 13, 2017",45.168,46.84,47.39,43.776,-3.57
"Jul 12, 2017",46.84,43.435,47.999,41.275,7.84
"Jul 11, 2017",43.435,44.315,46,40,-2.17
"Jul 10, 2017",44.399,48.201,49.365,42.2,-7.9
"Jul 09, 2017",48.209,50.924,52.153,47.885,-5.33
"Jul 08, 2017",50.924,45.686,51.6,43.592,11.6
"Jul 07, 2017",45.63,50.831,50.992,44.501,-10.23
"Jul 06, 2017",50.831,52.75,52.76,49.235,-3.64
"Jul 05, 2017",52.75,54.59,55.47,48.85,-3.21
"Jul 04, 2017",54.5,45.3,54.833,45.185,20.31
"Jul 03, 2017",45.298,40.4,47.267,39.477,12.12
"Jul 02, 2017",40.4,37.01,41.25,35.7,8.89
"Jul 01, 2017",37.1,38.83,39.241,35.61,-4.46
"Jun 30, 2017",38.83,39.265,40.75,38.332,-1.12
"Jun 29, 2017",39.269,41.192,41.423,38.125,-4.67
"Jun 28, 2017",41.192,39.576,42.418,37.179,4.16
"Jun 27, 2017",39.547,37.78,39.547,32.7,4.68
"Jun 26, 2017",37.78,40.158,40.94,34.1,-6.05
"Jun 25, 2017",40.214,41.31,43.115,37.775,-2.65
"Jun 24, 2017",41.31,45.23,45.615,40.635,-8.67
"Jun 23, 2017",45.23,45.85,46.3,45.023,-1.35
"Jun 22, 2017",45.85,43.76,47.539,42.094,4.68
"Jun 21, 2017",43.8,45.77,46.938,41.6,-4.3
"Jun 20, 2017",45.77,47.197,48.3,43.1,-3.02
"Jun 19, 2017",47.197,43.372,49.99,41.934,9.17
"Jun 18, 2017",43.231,45.358,45.49,39.5,-4.69
"Jun 17, 2017",45.358,33.248,47.5,33.2,36.42
"Jun 16, 2017",33.248,28.565,33.413,27.251,16.5
"Jun 15, 2017",28.54,28.266,29.04,24.3,1.26
"Jun 14, 2017",28.185,30.08,31.016,26.776,-6.3
"Jun 13, 2017",30.08,27.991,30.1,27.42,7.46
"Jun 12, 2017",27.991,33.151,33.422,22,-15.56
"Jun 11, 2017",33.15,28.72,34.164,28.72,15.42
"Jun 10, 2017",28.72,29.506,29.965,28.6,-2.66
"Jun 09, 2017",29.506,29.847,30.812,29.485,-1.14
"Jun 08, 2017",29.847,28.101,30.397,27.435,6.13
"Jun 07, 2017",28.123,29.762,30.564,27.7,-5.51
"Jun 06, 2017",29.762,29.999,30.89,28.185,-0.79
"Jun 05, 2017",29.999,27.415,30.81,27.389,9.51
"Jun 04, 2017",27.395,26.422,27.59,25.81,3.68
"Jun 03, 2017",26.422,26.967,27.155,25.81,-1.98
"Jun 02, 2017",26.957,26.503,27.66,25.4,1.72
"Jun 01, 2017",26.5,24.777,28.6,23.911,6.95
"May 31, 2017",24.777,23.671,25.152,21.93,4.88
"May 30, 2017",23.624,24.789,26,23.1,-4.7
"May 29, 2017",24.789,22.817,25.433,21.925,8.64
"May 28, 2017",22.817,22.069,24.978,20.6,3.29
"May 27, 2017",22.09,24.21,25.3,17.755,-8.76
"May 26, 2017",24.21,27.211,29.424,23.586,-10.42
"May 25, 2017",27.027,33.579,33.99,26.06,-19.51
"May 24, 2017",33.579,30.798,34.45,30.047,9.04
"May 23, 2017",30.796,24.002,30.885,23.274,28.58
"May 22, 2017",23.951,25.61,26.236,21.713,-6.44
"May 21, 2017",25.6,27.202,28.665,25.258,-5.89
"May 20, 2017",27.202,27.373,27.892,26.85,-0.57
"May 19, 2017",27.359,29.134,29.385,26.52,-5.95
"May 18, 2017",29.09,25.977,29.92,25.567,11.84
"May 17, 2017",26.011,23.72,26.936,21.01,9.66
"May 16, 2017",23.72,25.791,26.799,23.188,-7.97
"May 15, 2017",25.774,29.395,29.431,25.479,-12.32
"May 14, 2017",29.395,29.398,30.995,28,-0.02
"May 13, 2017",29.4,27.801,29.409,26,5.77
"May 12, 2017",27.796,31,31.9,27.56,-10.34
"May 11, 2017",31,32.263,34.221,28.33,-4.13
"May 10, 2017",32.335,34,39,30.991,-4.99
"May 09, 2017",34.032,28.706,34.7,24.271,18.55
"May 08, 2017",28.707,30.663,30.989,28,-6.48
"May 07, 2017",30.696,28.676,32.832,28.577,7.04
"May 06, 2017",28.676,26.238,28.999,26.098,9.29
"May 05, 2017",26.238,24.941,28.729,24.089,5.2
"May 04, 2017",24.941,23.001,26.7,22.013,8.34
"May 03, 2017",23.02,17.2,25.4,17.05,33.84
"May 02, 2017",17.2,17.298,17.65,16.5,-0.57
"May 01, 2017",17.299,16.84,17.68,16.158,2.73
"Apr 30, 2017",16.84,16.988,17.509,16.551,-0.41
"Apr 29, 2017",16.909,15.5,17.031,15.354,9.09
"Apr 28, 2017",15.5,16.022,16.069,15.2,-3.26
"Apr 27, 2017",16.022,16.242,16.37,14.4,-1.35
"Apr 26, 2017",16.242,16.604,17.283,15.927,-2.45
"Apr 25, 2017",16.65,16.2,16.83,15.46,2.78
"Apr 24, 2017",16.2,16.7,16.7,15.317,-2.99
"Apr 23, 2017",16.7,15.488,17.345,15.23,7.83
"Apr 22, 2017",15.487,12.851,15.49,12.7,20.62
"Apr 21, 2017",12.839,11.595,13.3,11.437,10.73
"Apr 20, 2017",11.595,10.608,11.99,10.521,9.3
"Apr 19, 2017",10.608,11.52,11.58,10.51,-7.92
"Apr 18, 2017",11.52,11.671,11.97,10.98,-1.2
"Apr 17, 2017",11.66,12.05,12.87,11.51,-3.24
"Apr 16, 2017",12.05,11.848,12.197,11.691,1.7
"Apr 15, 2017",11.848,11.915,12.38,11.243,-0.56
"Apr 14, 2017",11.915,11.234,12.199,11.183,6.06
"Apr 13, 2017",11.234,11.79,11.87,10.75,-4.72
"Apr 12, 2017",11.791,9.7771,12.311,9.758,20.6
"Apr 11, 2017",9.7771,9.9251,10.39,9.51,-1.34
"Apr 10, 2017",9.9101,9.35,10.299,9.01,5.99
"Apr 09, 2017",9.35,10.73,10.99,9,-12.86
"Apr 08, 2017",10.73,10.014,11.3,10,7.15
"Apr 07, 2017",10.014,10.85,11.3,9.557,-7.71
"Apr 06, 2017",10.85,12.415,12.588,10.21,-12.42
"Apr 05, 2017",12.389,9.095,12.75,8.7881,36.22
"Apr 04, 2017",9.095,8.6001,9.4493,8.121,5.75
"Apr 03, 2017",8.6001,8.333,9.4889,7.6013,3.21
"Apr 02, 2017",8.333,7.5874,8.6374,7.13,9.83
"Apr 01, 2017",7.5874,7.13,7.7399,6.5463,7.02
"Mar 31, 2017",7.09,7.8,7.84,6.001,-8.87
"Mar 30, 2017",7.78,4.306,7.857,4.2701,80.68
"Mar 29, 2017",4.306,4.1837,4.36,4.135,2.92
"Mar 28, 2017",4.1837,4.1263,4.2192,4.0634,1.39
"Mar 27, 2017",4.1263,4.0862,4.188,4.0301,0.98
"Mar 26, 2017",4.0862,4.0817,4.1499,4,0.11
"Mar 25, 2017",4.0817,4.1403,4.2099,3.97,-1.42
"Mar 24, 2017",4.1403,4.0076,4.34,3.9171,3.31
"Mar 23, 2017",4.0076,3.955,4.0399,3.8979,1.33
"Mar 22, 2017",3.955,4.0173,4.0173,3.811,-1.61
"Mar 21, 2017",4.0196,4.0584,4.0776,3.98,-0.96
"Mar 20, 2017",4.0584,3.9371,4.06,3.8409,3.08
"Mar 19, 2017",3.9371,4.0049,4.115,3.886,-1.69
"Mar 18, 2017",4.0049,4.1,4.3,3.7794,-2.32
"Mar 17, 2017",4.1,4.2982,4.3522,4.015,-5.53
"Mar 16, 2017",4.34,4.3061,4.559,4.1712,0.79
"Mar 15, 2017",4.3061,4.1707,4.3798,4.112,3.25
"Mar 14, 2017",4.1707,4.3739,4.3899,4.112,-4.65
"Mar 13, 2017",4.3739,3.868,4.47,3.8152,13.08
"Mar 12, 2017",3.868,3.806,3.9199,3.7794,1.63
"Mar 11, 2017",3.806,3.789,3.8875,3.7404,0.45
"Mar 10, 2017",3.789,3.8734,4.085,3.735,-2.18
"Mar 09, 2017",3.8734,3.8882,3.9613,3.8359,-0.38
"Mar 08, 2017",3.8882,4.0069,4.0069,3.8197,-2.96
"Mar 07, 2017",4.0069,4.1003,4.101,3.9173,-2.28
"Mar 06, 2017",4.1003,4.0137,4.1003,3.9812,2.16
"Mar 05, 2017",4.0137,4,4.0195,3.9529,0.34
"Mar 04, 2017",4,4.0999,4.0999,3.9431,-2.69
"Mar 03, 2017",4.1105,4.0601,4.1386,4,1.24
"Mar 02, 2017",4.0601,3.85,4.2659,3.8169,5.46
"Mar 01, 2017",3.85,3.8061,3.9325,3.7806,1.15
"Feb 28, 2017",3.8061,3.8728,3.8986,3.7881,-1.72
"Feb 27, 2017",3.8728,3.8747,3.9012,3.83,-0.05
"Feb 26, 2017",3.8747,3.8801,3.9294,3.819,-0.14
"Feb 25, 2017",3.8801,3.9488,3.9687,3.88,-1.74
"Feb 24, 2017",3.9488,3.9353,3.98,3.8087,1.1
"Feb 23, 2017",3.9057,3.9009,3.961,3.8608,0.12
"Feb 22, 2017",3.9009,3.8566,3.92,3.8429,1.15
"Feb 21, 2017",3.8566,3.8086,3.886,3.7835,1.26
"Feb 20, 2017",3.8086,3.8,3.8509,3.7515,0.23
"Feb 19, 2017",3.8,3.8139,3.8425,3.7528,-0.36
"Feb 18, 2017",3.8139,3.8961,3.9295,3.8139,-2.11
"Feb 17, 2017",3.8961,3.8831,3.9274,3.84,0.33
"Feb 16, 2017",3.8831,3.8933,3.9384,3.8538,-0.26
"Feb 15, 2017",3.8933,3.83,3.9158,3.8043,1.65
"Feb 14, 2017",3.83,3.7698,3.8389,3.7215,1.6
"Feb 13, 2017",3.7698,3.7394,3.7765,3.701,0.81
"Feb 12, 2017",3.7394,3.8153,3.8153,3.7394,-1.99
"Feb 11, 2017",3.8153,3.8296,3.8299,3.7701,-0.37
"Feb 10, 2017",3.8296,3.737,3.8299,3.6503,2.48
"Feb 09, 2017",3.737,3.9208,3.9899,3.61,-4.69
"Feb 08, 2017",3.9208,3.9578,4.01,3.8602,-0.93
"Feb 07, 2017",3.9578,3.924,4.0077,3.9106,0.86
"Feb 06, 2017",3.924,3.9555,4.0084,3.9155,-0.8
"Feb 05, 2017",3.9555,4.012,4.012,3.895,-1.41
"Feb 04, 2017",4.012,4.0141,4.0587,3.94,-0.05
"Feb 03, 2017",4.0141,4.085,4.085,3.8974,-1.74
"Feb 02, 2017",4.085,4.0163,4.099,3.9801,1.71
"Feb 01, 2017",4.0163,4.06,4.0823,4,-1.08
"Jan 31, 2017",4.06,4.0715,4.181,4.0154,-0.28
"Jan 30, 2017",4.0715,3.8351,4.08,3.8351,6.16
"Jan 29, 2017",3.8351,3.8558,3.89,3.8314,-0.54
"Jan 28, 2017",3.8558,3.8809,3.8958,3.8192,-0.65
"Jan 27, 2017",3.8809,3.8368,3.8809,3.7752,1.15
"Jan 26, 2017",3.8368,3.69,3.8738,3.6662,3.98
"Jan 25, 2017",3.69,3.733,3.772,3.65,-1.15
"Jan 24, 2017",3.733,3.8246,3.8636,3.7322,-2.4
"Jan 23, 2017",3.8246,3.85,3.8621,3.744,-0.66
"Jan 22, 2017",3.85,3.9208,3.9259,3.8,-1.81
"Jan 21, 2017",3.9208,3.9098,3.9533,3.88,0.28
"Jan 20, 2017",3.9098,3.907,3.938,3.8502,0.07
"Jan 19, 2017",3.907,3.8949,3.9499,3.8053,0.31
"Jan 18, 2017",3.8949,3.95,3.958,3.7949,-1.39
"Jan 17, 2017",3.95,3.8927,4.0199,3.8401,1.47
"Jan 16, 2017",3.8927,3.9135,3.939,3.8255,-0.53
"Jan 15, 2017",3.9135,3.9466,3.9506,3.8193,-0.84
"Jan 14, 2017",3.9466,3.9262,3.9952,3.86,-0.22
"Jan 13, 2017",3.9553,4.0001,4.0389,3.8622,-1.12
"Jan 12, 2017",4.0001,3.9443,4.1,3.8067,1.41
"Jan 11, 2017",3.9443,4.574,4.619,3.7656,-13.77
"Jan 10, 2017",4.574,4.34,4.659,4.3015,5.39
"Jan 09, 2017",4.34,4.02,4.44,3.8926,7.96
"Jan 08, 2017",4.02,3.963,4.04,3.92,1.44
"Jan 07, 2017",3.963,3.84,3.9999,3.629,3.2
"Jan 06, 2017",3.84,4.2127,4.2892,3.8,-8.85
"Jan 05, 2017",4.2127,4.642,4.721,4.1,-8.22
"Jan 04, 2017",4.59,4.593,4.7222,4.4304,-0.07
"Jan 03, 2017",4.593,4.58,4.6665,4.455,0.28
"Jan 02, 2017",4.58,4.4997,4.74,4.4486,1.78
"Jan 01, 2017",4.4997,4.3635,4.5401,4.3457,3.12
"Dec 31, 2016",4.3635,4.4135,4.4187,4.2738,-1.13
"Dec 30, 2016",4.4135,4.59,4.59,4.25,-3.85
"Dec 29, 2016",4.59,4.5976,4.615,4.4431,-0.17
"Dec 28, 2016",4.5976,4.3633,4.6239,4.3633,5.37
"Dec 27, 2016",4.3633,4.257,4.4946,4.2413,2.5
"Dec 26, 2016",4.257,4.2991,4.4085,4.15,-0.98
"Dec 25, 2016",4.2991,4.431,4.4451,4.1,-2.98
"Dec 24, 2016",4.431,4.6161,4.684,4.31,-4.01
"Dec 23, 2016",4.6161,3.6742,4.6199,3.6044,25.64
"Dec 22, 2016",3.6742,3.632,3.7379,3.6175,1.16
"Dec 21, 2016",3.632,3.656,3.698,3.6023,-0.66
"Dec 20, 2016",3.656,3.6493,3.6599,3.6318,0.18
"Dec 19, 2016",3.6493,3.672,3.6887,3.6296,-0.62
"Dec 18, 2016",3.672,3.7195,3.7197,3.6685,-1.28
"Dec 17, 2016",3.7195,3.6,3.72,3.6,3.32
"Dec 16, 2016",3.6,3.65,3.65,3.6,-1.37
"Dec 15, 2016",3.65,3.6021,3.6587,3.5844,1.33
"Dec 14, 2016",3.6021,3.653,3.6592,3.5789,-1.39
"Dec 13, 2016",3.653,3.6386,3.67,3.6049,0.4
"Dec 12, 2016",3.6386,3.633,3.7017,3.6091,0.15
"Dec 11, 2016",3.633,3.6823,3.6823,3.6046,-1.34
"Dec 10, 2016",3.6823,3.6987,3.7,3.6305,-0.44
"Dec 09, 2016",3.6987,3.68,3.7101,3.6503,0.51
"Dec 08, 2016",3.68,3.6601,3.744,3.6501,0.54
"Dec 07, 2016",3.6601,3.52,3.6651,3.4635,3.98
"Dec 06, 2016",3.52,3.4783,3.5364,3.4353,1.2
"Dec 05, 2016",3.4783,3.9056,3.9095,3.0003,-10.94
"Dec 04, 2016",3.9056,3.91,3.9192,3.8713,-0.11
"Dec 03, 2016",3.91,3.9,3.9329,3.8862,0.26
"Dec 02, 2016",3.9,3.8777,3.952,3.8777,0.58
"Dec 01, 2016",3.8777,3.8809,3.9048,3.83,-0.08
"Nov 30, 2016",3.8809,3.8252,3.8824,3.7981,1.46
"Nov 29, 2016",3.8252,3.873,3.8826,3.7736,-1.23
"Nov 28, 2016",3.873,3.8231,3.8839,3.8004,1.31
"Nov 27, 2016",3.8231,3.83,3.8893,3.8231,-0.18
"Nov 26, 2016",3.83,3.9003,3.92,3.83,-1.8
"Nov 25, 2016",3.9003,3.8997,3.9003,3.8511,0.02
"Nov 24, 2016",3.8997,3.8609,3.91,3.8013,1
"Nov 23, 2016",3.8609,3.8991,3.9262,3.8353,-0.98
"Nov 22, 2016",3.8991,3.9476,3.962,3.8685,-1.23
"Nov 21, 2016",3.9476,3.89,3.9476,3.8795,1.48
"Nov 20, 2016",3.89,3.9569,3.98,3.8543,-1.69
"Nov 19, 2016",3.9569,3.909,3.9686,3.9005,1.23
"Nov 18, 2016",3.909,3.8979,3.97,3.8979,0.27
"Nov 17, 2016",3.8983,3.94,4.0094,3.8691,-1.06
"Nov 16, 2016",3.94,3.9031,4,3.8715,0.95
"Nov 15, 2016",3.9031,3.8997,3.9652,3.8531,0.09
"Nov 14, 2016",3.8997,3.8773,3.92,3.842,-3.24
"Oct 31, 2016",4.0303,4.03,4.05,4,0.01
"Oct 30, 2016",4.03,4.0898,4.0898,4.0106,-1.46
"Oct 29, 2016",4.0898,3.9947,4.105,3.9734,2.38
"Oct 28, 2016",3.9947,3.992,4.0109,3.8912,0.07
"Oct 27, 2016",3.992,3.9885,4.08,3.9521,0.09
"Oct 26, 2016",3.9885,3.916,3.995,3.8809,1.85
"Oct 25, 2016",3.916,3.881,3.933,3.7987,0.9
"Oct 24, 2016",3.881,3.8997,3.9399,3.881,-0.48
"Oct 23, 2016",3.8997,3.918,3.9459,3.8997,-0.47
"Oct 22, 2016",3.918,3.8569,3.9995,3.8559,1.58
"Oct 21, 2016",3.8569,3.789,3.8569,3.7875,1.79
"Oct 20, 2016",3.789,3.8157,3.8157,3.7803,-0.7
"Oct 19, 2016",3.8157,3.8272,3.8623,3.7853,-0.3
"Oct 18, 2016",3.8272,3.8365,3.8883,3.8251,-0.24
"Oct 17, 2016",3.8365,3.881,3.9282,3.8178,-1.15
"Oct 16, 2016",3.881,3.892,3.915,3.8511,-0.28
"Oct 15, 2016",3.892,3.9228,3.925,3.889,-0.79
"Oct 14, 2016",3.9228,3.9329,3.9329,3.8905,-0.26
"Oct 13, 2016",3.9329,3.81,3.95,3.81,3.23
"Oct 12, 2016",3.81,3.8304,3.8438,3.8038,-0.53
"Oct 11, 2016",3.8304,3.784,3.8554,3.7714,1.23
"Oct 10, 2016",3.784,3.7866,3.859,3.7685,-0.07
"Oct 09, 2016",3.7866,3.8295,3.8479,3.7866,-1.12
"Oct 08, 2016",3.8295,3.8649,3.8888,3.8254,-0.92
"Oct 07, 2016",3.8649,3.8478,3.8857,3.8463,0.44
"Oct 06, 2016",3.8478,3.83,3.8554,3.8165,0.46
"Oct 05, 2016",3.83,3.8142,3.86,3.8142,0.41
"Oct 04, 2016",3.8142,3.8555,3.8555,3.81,-1.07
"Oct 03, 2016",3.8555,3.8491,3.8555,3.8121,0.17
"Oct 02, 2016",3.8491,3.85,3.854,3.814,-0.02
"Oct 01, 2016",3.85,3.8486,3.8688,3.8378,0.04
"Sep 30, 2016",3.8486,3.8529,3.8529,3.8175,-0.11
"Sep 29, 2016",3.8529,3.857,3.8687,3.8291,-0.11
"Sep 28, 2016",3.857,3.843,3.8771,3.8269,0.36
"Sep 27, 2016",3.843,3.8582,3.8956,3.843,-0.39
"Sep 26, 2016",3.8582,3.8,3.8881,3.8,1.53
"Sep 25, 2016",3.8,3.8234,3.834,3.8,-0.61
"Sep 24, 2016",3.8234,3.808,3.8609,3.8054,0.4
"Sep 23, 2016",3.808,3.7506,3.8174,3.7501,1.53
"Sep 22, 2016",3.7506,3.8011,3.8011,3.7501,-1.33
"Sep 21, 2016",3.8011,3.7948,3.81,3.7326,0
"Sep 20, 2016",3.801,3.837,3.8587,3.801,-0.94
"Sep 19, 2016",3.837,3.8334,3.8758,3.8334,0.09
"Sep 18, 2016",3.8334,3.811,3.85,3.8066,0.59
"Sep 17, 2016",3.811,3.83,3.83,3.8038,-0.5
"Sep 16, 2016",3.83,3.86,3.8826,3.825,-0.78
"Sep 15, 2016",3.86,3.892,3.892,3.85,-0.82
"Sep 14, 2016",3.892,3.845,3.892,3.845,1.22
"Sep 13, 2016",3.845,3.8569,3.8799,3.81,-0.31
"Sep 12, 2016",3.8569,3.8977,3.8992,3.7319,-1.05
"Sep 11, 2016",3.8977,4.0199,4.0199,3.873,-3.04
"Sep 10, 2016",4.0199,3.9789,4.0221,3.9789,1.03
"Sep 09, 2016",3.9789,4.0289,4.04,3.9573,-1.24
"Sep 08, 2016",4.0289,4.0051,4.0599,3.9753,0.59
"Sep 07, 2016",4.0051,3.97,4.007,3.9211,0.88
"Sep 06, 2016",3.97,3.9781,4.0198,3.94,-0.2
"Sep 05, 2016",3.9781,4.0101,4.075,3.964,-0.8
"Sep 04, 2016",4.0101,3.9154,4.108,3.9154,2.42
"Sep 03, 2016",3.9154,3.817,3.9627,3.8132,2.58
"Sep 02, 2016",3.817,3.8262,3.8549,3.8,-0.24
"Sep 01, 2016",3.8262,3.809,3.8659,3.8,0.45
"Aug 31, 2016",3.809,3.803,3.8095,3.7771,0.16
"Aug 30, 2016",3.803,3.7719,3.85,3.74,0.82
"Aug 29, 2016",3.7719,3.7645,3.8085,3.746,0.2
"Aug 28, 2016",3.7645,3.758,3.7781,3.708,0.17
"Aug 27, 2016",3.758,3.84,3.848,3.7103,-2.14
"Aug 26, 2016",3.84,3.8159,3.8537,3.78,0.63
"Aug 25, 2016",3.8159,3.8414,3.8688,3.7683,-0.66
"Aug 24, 2016",3.8414,3.95,3.9685,3.8414,-2.75
"Aug 23, 2016",3.95,3.672,4.02,3.67,7.57
"Aug 22, 2016",3.672,3.6246,3.687,3.5996,1.31
"Aug 21, 2016",3.6246,3.6235,3.6348,3.5996,0.03
"Aug 20, 2016",3.6235,3.6226,3.6295,3.58,0.02
"Aug 19, 2016",3.6226,3.5907,3.6241,3.57,0.89
"Aug 18, 2016",3.5907,3.5702,3.639,3.5702,0.57
"Aug 17, 2016",3.5702,3.6,3.61,3.56,-0.83
"Aug 16, 2016",3.6,3.53,3.63,3.5195,1.98
"Aug 15, 2016",3.53,3.63,3.65,3.49,-2.75
"Aug 14, 2016",3.63,3.69,3.7058,3.5829,-1.63
"Aug 13, 2016",3.69,3.66,3.75,3.5791,1.1
"Aug 12, 2016",3.65,3.746,3.77,3.61,-2.56
"Aug 11, 2016",3.746,3.56,3.746,3.5,5.22
"Aug 10, 2016",3.56,3.7332,3.8769,3.5503,-4.64
"Aug 09, 2016",3.7332,3.7332,3.7332,3.7332,0
"Aug 08, 2016",3.7332,3.7332,3.7332,3.7332,0
"Aug 07, 2016",3.7332,0,3.7332,0,0
"Aug 02, 2016",3.7332,3.8534,3.9081,3.7,-3.12
"Aug 01, 2016",3.8534,3.942,3.9599,3.8519,-2.25
"Jul 31, 2016",3.942,4.0551,4.08,3.908,-2.79
"Jul 30, 2016",4.0551,4.0767,4.1149,4.0259,-0.53
"Jul 29, 2016",4.0767,3.9957,4.1148,3.96,2.43
"Jul 27, 2016",3.9799,3.98,4.005,3.9258,0
"Jul 26, 2016",3.98,4.0102,4.0543,3.9008,-0.75
"Jul 25, 2016",4.0102,4.0933,4.0933,3.9999,-2.03
"Jul 24, 2016",4.0933,4.0596,4.096,4.0084,0.83
"Jul 23, 2016",4.0596,4.036,4.0606,4.014,0.58
"Jul 22, 2016",4.036,4.116,4.1641,3.9617,-1.94
"Jul 21, 2016",4.116,4.1574,4.1574,4.0927,-1
"Jul 20, 2016",4.1574,4.1817,4.1817,4.1083,-0.58
"Jul 19, 2016",4.1817,4.169,4.1974,4.147,0.3
"Jul 18, 2016",4.169,4.2187,4.2377,4.1527,-0.57
"Jul 17, 2016",4.1928,4.16,4.284,4.152,0.79
"Jul 16, 2016",4.16,4.19,4.2092,4.1157,-0.72
"Jul 15, 2016",4.19,4.1701,4.1999,4.1472,0.48
"Jul 14, 2016",4.1701,4.1734,4.2,4.1258,-0.08
"Jul 13, 2016",4.1734,4.1843,4.2396,4.15,-0.26
"Jul 12, 2016",4.1843,4.1274,4.2494,4.0824,1.38
"Jul 11, 2016",4.1274,4.138,4.2131,4.0631,-0.26
"Jul 10, 2016",4.138,4.1223,4.1527,4.0621,0.38
"Jul 09, 2016",4.1223,4.25,4.25,3.97,-3
"Jul 08, 2016",4.25,4.102,4.25,4.0562,3.61
"Jul 07, 2016",4.102,4.4799,4.518,3.93,-8.44
"Jul 06, 2016",4.4799,4.4219,4.4863,4.4022,1.31
"Jul 05, 2016",4.4219,4.5127,4.55,4.3433,-2.01
"Jul 04, 2016",4.5127,4.2809,4.563,4.1789,5.41
"Jul 03, 2016",4.2809,4.6532,4.6532,4.1503,-8
"Jul 02, 2016",4.6532,4.2663,4.6694,4.2663,9.07
"Jul 01, 2016",4.2663,4.2091,4.3873,4.1792,1.36
"Jun 30, 2016",4.2091,4.0599,4.2999,4.0257,3.67
"Jun 29, 2016",4.0599,4.1299,4.1299,4,-1.69
"Jun 28, 2016",4.1299,4.175,4.195,4.0131,-1.08
"Jun 27, 2016",4.175,4.0731,4.175,4.0301,2.5
"Jun 26, 2016",4.0731,4.243,4.2696,3.9542,-4
"Jun 25, 2016",4.243,4.2775,4.48,3.91,-0.81
"Jun 24, 2016",4.2775,3.888,4.3998,3.8862,10.02
"Jun 23, 2016",3.888,4.0007,4.025,3.51,-2.81
"Jun 22, 2016",4.0005,4.8547,4.9773,3.75,-17.6
"Jun 21, 2016",4.8547,5.048,5.11,0,-9.78
"Jun 20, 2016",5.381,5.6031,5.6031,5.2025,-4.05
"Jun 19, 2016",5.6081,5.578,5.6365,5.4852,0.54
"Jun 18, 2016",5.578,5.6492,5.7998,5.38,-1.26
"Jun 17, 2016",5.6492,5.695,5.99,5.1271,-0.8
"Jun 16, 2016",5.695,5.2588,5.695,5.2588,8.64
"Jun 15, 2016",5.242,5.1477,5.26,4.9922,1.83
"Jun 14, 2016",5.1477,5.2789,5.3056,4.968,-2.49
"Jun 13, 2016",5.2789,5.25,5.5286,4.9502,0.55
"Jun 12, 2016",5.2499,5.0993,5.4,5,2.95
"Jun 11, 2016",5.0993,4.8969,5.0993,4.89,4.13
"Jun 10, 2016",4.8969,4.767,4.9105,4.7124,2.72
"Jun 09, 2016",4.767,4.821,4.821,4.6647,-1.12
"Jun 08, 2016",4.821,4.7738,4.824,4.7,0.99
"Jun 07, 2016",4.7738,4.963,4.991,4.6886,-3.81
"Jun 06, 2016",4.963,4.8631,4.9801,4.7984,2.05
"Jun 05, 2016",4.8631,4.82,4.8839,4.7562,0.89
"Jun 04, 2016",4.82,4.8967,4.9723,4.7509,-1.57
"Jun 03, 2016",4.8967,4.7162,4.9,4.6761,3.83
"Jun 02, 2016",4.7162,4.7594,4.7689,4.676,-0.91
"Jun 01, 2016",4.7594,4.5947,4.8,4.562,3.58
"May 31, 2016",4.5947,4.62,4.691,4.5,-0.55
"May 30, 2016",4.62,4.5689,4.6609,4.4393,1.12
"May 29, 2016",4.5689,4.555,4.8613,4.3538,0.31
"May 28, 2016",4.555,4.4622,4.835,4.4437,2.08
"May 27, 2016",4.4622,4.1025,4.6719,4.0827,8.77
"May 26, 2016",4.1025,4.0456,4.1536,3.9874,1.41
"May 25, 2016",4.0456,3.95,4.065,3.95,2.42
"May 24, 2016",3.95,3.958,3.99,3.935,-0.2
"May 23, 2016",3.958,3.8383,3.958,3.8333,3.12
"May 22, 2016",3.8383,3.9353,3.9762,3.8383,-2.46
"May 21, 2016",3.9353,3.87,3.9718,3.821,1.69
"May 20, 2016",3.87,3.7989,3.9296,3.7,1.87
"May 19, 2016",3.7989,4.0132,4.0517,3.7375,-5.34
"May 18, 2016",4.0132,3.9669,4.0535,3.965,1.17
"May 17, 2016",3.9669,4.007,4.0506,3.9613,-1
"May 16, 2016",4.007,4.0707,4.2241,3.9503,-1.56
"May 15, 2016",4.0707,4.0182,4.1258,3.96,1.31
"May 14, 2016",4.0182,3.9351,4.0661,3.9342,2.11
"May 13, 2016",3.9351,3.859,3.9725,3.8353,1.97
"May 12, 2016",3.859,3.8807,3.899,3.7885,-0.56
"May 11, 2016",3.8807,3.8398,3.9389,3.829,1.07
"May 10, 2016",3.8398,4.08,4.1792,3.7857,-5.89
"May 09, 2016",4.08,3.966,4.1339,3.9125,2.87
"May 08, 2016",3.966,3.98,3.988,3.9055,-0.35
"May 07, 2016",3.98,3.8452,4.033,3.8452,3.51
"May 06, 2016",3.8452,3.7203,3.869,3.7031,3.36
"May 05, 2016",3.7203,3.7333,3.7893,3.72,-0.35
"May 04, 2016",3.7333,3.734,3.7798,3.704,-0.02
"May 03, 2016",3.734,3.6743,3.7657,3.615,1.62
"May 02, 2016",3.6743,3.6969,3.8089,3.6198,-0.61
"May 01, 2016",3.6969,3.67,3.749,3.647,0.73
"Apr 30, 2016",3.67,3.8207,3.8506,3.647,-3.94
"Apr 29, 2016",3.8207,3.8298,3.8797,3.7222,-0.24
"Apr 28, 2016",3.8298,3.8931,3.955,3.701,-1.63
"Apr 27, 2016",3.8931,4.0791,4.2948,3.823,-4.56
"Apr 26, 2016",4.0791,3.83,4.1579,3.813,6.5
"Apr 25, 2016",3.83,3.6711,3.9264,3.5737,4.06
"Apr 24, 2016",3.6806,3.3698,3.7,3.3678,9.22
"Apr 23, 2016",3.3698,3.356,3.3899,3.3217,0.41
"Apr 22, 2016",3.356,3.375,3.4,3.3219,-0.56
"Apr 21, 2016",3.375,3.3,3.38,3.3,2.27
"Apr 20, 2016",3.3,3.3199,3.3262,3.2772,-0.6
"Apr 19, 2016",3.3199,3.2511,3.3199,3.2401,2.12
"Apr 18, 2016",3.2511,3.2849,3.29,3.25,-1.03
"Apr 17, 2016",3.2849,3.3104,3.3104,3.2586,-0.77
"Apr 16, 2016",3.3104,3.2952,3.3196,3.29,0.46
"Apr 15, 2016",3.2952,3.26,3.3238,3.2536,1.08
"Apr 14, 2016",3.26,3.2693,3.2785,3.2447,-0.28
"Apr 13, 2016",3.2693,3.2625,3.2876,3.2479,0.21
"Apr 12, 2016",3.2625,3.234,3.3,3.234,0.88
"Apr 11, 2016",3.234,3.233,3.2687,3.2209,0.03
"Apr 10, 2016",3.233,3.2302,3.251,3.2098,0.09
"Apr 09, 2016",3.2302,3.2324,3.2333,3.2,-0.07
"Apr 08, 2016",3.2324,3.2305,3.263,3.21,0.06
"Apr 07, 2016",3.2305,3.2467,3.252,3.225,-0.5
"Apr 06, 2016",3.2467,3.265,3.2877,3.245,-0.56
"Apr 05, 2016",3.265,3.245,3.2759,3.2251,0.62
"Apr 04, 2016",3.245,3.2443,3.27,3.201,0.02
"Apr 03, 2016",3.2443,3.2582,3.2793,3.2384,-0.43
"Apr 02, 2016",3.2582,3.2416,3.285,3.2416,0.51
"Apr 01, 2016",3.2416,3.254,3.2572,3.219,-0.38
"Mar 31, 2016",3.254,3.2096,3.2635,3.2096,1.38
"Mar 30, 2016",3.2096,3.228,3.2375,3.1721,-0.57
"Mar 29, 2016",3.228,3.27,3.279,3.1787,-1.28
"Mar 28, 2016",3.27,3.296,3.3029,3.26,-0.79
"Mar 27, 2016",3.296,3.2372,3.3314,3.21,1.82
"Mar 26, 2016",3.2372,3.2075,3.2389,3.2075,0.93
"Mar 25, 2016",3.2075,3.2186,3.2299,3.1886,-0.34
"Mar 24, 2016",3.2186,3.23,3.23,3.1966,-0.35
"Mar 23, 2016",3.23,3.2132,3.239,3.1906,0.52
"Mar 22, 2016",3.2132,3.192,3.2388,3.1809,0.66
"Mar 21, 2016",3.192,3.1694,3.197,3.1507,0.71
"Mar 20, 2016",3.1694,3.1582,3.1973,3.1553,0.35
"Mar 19, 2016",3.1582,3.1457,3.1889,3.125,0.4
"Mar 18, 2016",3.1457,3.2924,3.2924,3.01,-4.46
"Mar 17, 2016",3.2924,3.313,3.324,3.2682,-0.62
"Mar 16, 2016",3.313,3.3114,3.313,3.252,0.05
"Mar 15, 2016",3.3114,3.3039,3.32,3.2587,0.23
"Mar 14, 2016",3.3039,3.2803,3.3129,3.2553,0.72
"Mar 13, 2016",3.2803,3.2569,3.306,3.2564,0.72
"Mar 12, 2016",3.2569,3.365,3.3826,3.25,-3.21
"Mar 11, 2016",3.365,3.264,3.4,3.264,3.09
"Mar 10, 2016",3.264,3.2541,3.297,3.2205,0.3
"Mar 09, 2016",3.2541,3.2179,3.2841,3.203,1.12
"Mar 08, 2016",3.2179,3.241,3.2644,3.2033,-0.71
"Mar 07, 2016",3.241,3.1778,3.2637,3.1551,1.99
"Mar 06, 2016",3.1778,3.1726,3.2303,3.1311,0.16
"Mar 05, 2016",3.1726,3.2254,3.2426,3.1103,-1.64
"Mar 04, 2016",3.2254,3.304,3.3398,3.21,-2.38
"Mar 03, 2016",3.304,3.346,3.346,3.28,-1.26
"Mar 02, 2016",3.346,3.435,3.4489,3.346,-2.59
"Mar 01, 2016",3.435,3.4489,3.4489,3.3726,-0.4
"Feb 29, 2016",3.4489,3.4197,3.4982,3.3766,0.85
"Feb 28, 2016",3.4197,3.4112,3.474,3.3391,0.25
"Feb 27, 2016",3.4112,3.4334,3.45,3.4,-0.65
"Feb 26, 2016",3.4334,3.3635,3.4354,3.32,2.08
"Feb 25, 2016",3.3635,3.3567,3.3875,3.32,0.2
"Feb 24, 2016",3.3567,3.384,3.409,3.31,-0.81
"Feb 23, 2016",3.384,3.4728,3.54,3.3354,-2.56
"Feb 22, 2016",3.4728,3.4742,3.5488,3.4,-0.04
"Feb 21, 2016",3.4742,3.4239,3.572,3.372,1.47
"Feb 20, 2016",3.4239,3.2,3.4999,3.1796,7
"Feb 19, 2016",3.2,3.2491,3.2491,3.1508,-1.51
"Feb 18, 2016",3.2491,3.1866,3.2491,3.1795,1.96
"Feb 17, 2016",3.1866,3.1571,3.2389,3.1571,0.93
"Feb 16, 2016",3.1571,3.1301,3.19,3.1301,0.86
"Feb 15, 2016",3.1301,3.1809,3.2299,3.1092,-1.6
"Feb 14, 2016",3.1809,3.11,3.19,3.11,2.28
"Feb 13, 2016",3.1099,3.0815,3.116,3.068,0.92
"Feb 12, 2016",3.0815,3.0818,3.0889,3.0271,-0.01
"Feb 11, 2016",3.0818,3.0571,3.0873,3.0251,0.81
"Feb 10, 2016",3.0571,3.0402,3.1328,3.0262,0.56
"Feb 09, 2016",3.0402,3.02,3.0629,3.0005,0.67
"Feb 08, 2016",3.02,3.0361,3.0766,3.0024,-0.53
"Feb 07, 2016",3.0361,3.05,3.0779,3.02,-0.46
"Feb 06, 2016",3.05,3.113,3.12,3.0148,-2.02
"Feb 05, 2016",3.113,3.1509,3.1509,3.094,-1.2
"Feb 04, 2016",3.1509,3.0001,3.1878,3.0001,5.03
"Feb 03, 2016",3.0001,3.053,3.0799,3.0001,-1.73
"Feb 02, 2016",3.053,3.0515,3.0648,3.0257,0.05
"Feb 01, 2016",3.0515,3.0168,3.076,3.0157,1.15
"Jan 31, 2016",3.0168,3.0315,3.102,3.0002,-0.48
"Jan 30, 2016",3.0315,3.0829,3.1063,3.0315,-1.67
"Jan 29, 2016",3.0829,3.1212,3.1212,3.0029,-1.23
"Jan 28, 2016",3.1212,3.271,3.288,3.0633,-4.58
"Jan 27, 2016",3.271,3.1291,3.314,3.1237,4.53
"Jan 26, 2016",3.1291,3.1267,3.1669,3.081,0.08
"Jan 25, 2016",3.1267,3.1847,3.1847,3.0753,-1.82
"Jan 24, 2016",3.1847,3.1075,3.208,3.0512,2.48
"Jan 23, 2016",3.1075,3.0411,3.1758,3.0411,2.18
"Jan 22, 2016",3.0411,3.2057,3.2101,3.0119,-5.13
"Jan 21, 2016",3.2057,3.37,3.3988,3.186,-4.88
"Jan 20, 2016",3.37,3.0099,3.4393,2.9704,11.96
"Jan 19, 2016",3.0099,3.055,3.07,2.993,-1.48
"Jan 18, 2016",3.055,3.003,3.0634,2.97,1.73
"Jan 17, 2016",3.003,3.1,3.1,2.9951,-3.13
"Jan 16, 2016",3.1,2.95,3.1,2.9029,5.08
"Jan 15, 2016",2.95,3.4356,3.4499,2.95,-14.13
"Jan 14, 2016",3.4356,3.4719,3.4782,3.4162,-1.05
"Jan 13, 2016",3.4719,3.4599,3.4772,3.37,0.57
"Jan 12, 2016",3.4522,3.5517,3.5517,3.445,-2.8
"Jan 11, 2016",3.5517,3.533,3.5714,3.504,0.53
"Jan 10, 2016",3.533,3.58,3.58,3.4722,-1.31
"Jan 09, 2016",3.58,3.5919,3.5925,3.5302,-0.33
"Jan 08, 2016",3.5919,3.6108,3.64,3.5392,-0.78
"Jan 07, 2016",3.62,3.4519,3.64,3.45,4.87
"Jan 06, 2016",3.4519,3.489,3.489,3.4257,-1.06
"Jan 05, 2016",3.489,3.507,3.507,3.4464,-0.51
"Jan 04, 2016",3.507,3.4869,3.5121,3.4516,0.58
"Jan 03, 2016",3.4869,3.499,3.5078,3.419,-0.35
"Jan 02, 2016",3.499,3.5189,3.5269,3.4403,-0.57
"Jan 01, 2016",3.5189,3.4401,3.5225,3.4129,2.29
"Dec 31, 2015",3.4401,3.4527,3.4998,0,-0.36
"Dec 30, 2015",3.4527,3.489,3.5378,3.425,-1.01
"Dec 29, 2015",3.4881,3.464,3.539,3.4198,0.7
"Dec 28, 2015",3.464,3.4678,3.5314,3.4332,-0.11
"Dec 27, 2015",3.4678,3.445,3.5024,3.4021,0.66
"Dec 26, 2015",3.445,3.6011,3.62,3.3716,-4.33
"Dec 25, 2015",3.6011,3.6418,3.657,3.57,-1.12
"Dec 24, 2015",3.6418,3.5601,3.68,3.5601,2.29
"Dec 23, 2015",3.5601,3.4085,3.598,3.3772,4.45
"Dec 22, 2015",3.4085,3.406,3.461,3.36,0.07
"Dec 21, 2015",3.406,3.5,3.525,3.4,-2.69
"Dec 20, 2015",3.5,3.6997,3.7,3.443,-5.4
"Dec 19, 2015",3.6997,3.7201,3.761,3.6565,-0.55
"Dec 18, 2015",3.7201,3.695,3.7854,3.68,0.68
"Dec 17, 2015",3.695,3.6807,3.76,3.626,0.39
"Dec 16, 2015",3.6807,3.7875,3.79,3.5845,-2.82
"Dec 15, 2015",3.7875,3.5879,3.8399,3.5626,5.56
"Dec 14, 2015",3.5879,3.58,3.649,3.5399,0.22
"Dec 13, 2015",3.58,3.6,3.6517,3.5343,-0.56
"Dec 12, 2015",3.6,3.88,4.2997,3.49,-7.06
"Dec 11, 2015",3.8735,3.6598,3.93,3.651,5.84
"Dec 10, 2015",3.6598,3.6906,3.7099,3.574,-0.86
"Dec 09, 2015",3.6917,3.8273,3.8273,3.5114,-1.82
"Dec 08, 2015",3.76,3.654,3.83,3.5489,2.9
"Dec 07, 2015",3.654,3.4399,3.8018,3.4191,6.22
"Dec 06, 2015",3.4399,3.528,3.6262,3.4055,-2.5
"Dec 05, 2015",3.528,3.335,3.5822,3.335,5.79
"Dec 04, 2015",3.335,3.3798,3.3898,3.2975,-1.33
"Dec 03, 2015",3.3798,3.33,3.4399,3.33,1.5
"Dec 02, 2015",3.33,3.4312,3.437,3.2681,-2.95
"Dec 01, 2015",3.4312,3.6255,3.6543,3.3526,-5.36
"Nov 30, 2015",3.6255,3.7,3.78,3.57,-2.01
"Nov 29, 2015",3.7,3.546,3.749,3.4824,4.34
"Nov 28, 2015",3.546,3.605,3.605,3.4696,-1.64
"Nov 27, 2015",3.605,3.6444,3.679,3.535,-1.08
"Nov 26, 2015",3.6444,3.376,3.7666,3.3501,8.81
"Nov 25, 2015",3.3494,3.1018,3.37,3.0855,7.98
"Nov 24, 2015",3.1018,3.154,3.154,3.0952,-1.66
"Nov 23, 2015",3.154,3.1262,3.1759,3.1101,0.89
"Nov 22, 2015",3.1262,3.156,3.165,3.12,-0.94
"Nov 21, 2015",3.156,3.131,3.182,3.1157,0.8
"Nov 20, 2015",3.131,3.14,3.1577,3.045,-0.29
"Nov 19, 2015",3.14,3.182,3.23,3.1333,-1.32
"Nov 18, 2015",3.182,3.226,3.226,3.1526,-1.36
"Nov 17, 2015",3.226,3.1974,3.2687,3.17,0.89
"Nov 16, 2015",3.1974,3.074,3.2299,3.05,4.01
"Nov 15, 2015",3.074,3.2299,3.2488,3.045,-4.83
"Nov 14, 2015",3.2299,3.2177,3.252,3.1615,0.38
"Nov 13, 2015",3.2177,3.3,3.32,3.1401,-2.49
"Nov 12, 2015",3.3,2.9854,3.32,2.9854,10.55
"Nov 11, 2015",2.985,3.0999,3.1298,2.9011,-3.71
"Nov 10, 2015",3.0999,3.4223,3.48,3.0001,-9.42
"Nov 09, 2015",3.4223,3.38,3.5045,3.2105,1.28
"Nov 08, 2015",3.3792,3.532,3.627,3.312,-4.33
"Nov 07, 2015",3.532,3.5109,3.6517,3.51,0.6
"Nov 06, 2015",3.5109,3.85,3.8636,3.3555,-8.81
"Nov 05, 2015",3.85,4,4.3399,3.51,-3.75
"Nov 04, 2015",4,4.55,5.3911,3.1311,-12.09
"Nov 03, 2015",4.55,4.1342,4.87,4.0401,10.06
"Nov 02, 2015",4.1342,3.89,4.282,3.834,6.28
"Nov 01, 2015",3.89,3.6873,3.9449,3.641,5.5
"Oct 31, 2015",3.6873,3.95,4.0388,3.6213,-6.89
"Oct 30, 2015",3.96,3.7993,4.19,3.679,4.23
"Oct 29, 2015",3.7993,3.0988,3.9746,2.9229,22.61
"Oct 28, 2015",3.0988,3.1055,3.13,3.076,-0.22
"Oct 27, 2015",3.1055,3.1186,3.1452,3.0851,-0.42
"Oct 26, 2015",3.1186,3.1011,3.1333,3.0716,0.56
"Oct 25, 2015",3.1011,3.144,3.17,3.101,-1.36
"Oct 24, 2015",3.144,3.1318,3.1563,3.09,0.39
"Oct 23, 2015",3.1318,3.145,3.1549,3.1105,-0.42
"Oct 22, 2015",3.145,3.0787,3.2,3.078,2.15
"Oct 21, 2015",3.0787,3.0797,3.12,3.062,-0.03
"Oct 20, 2015",3.0797,3.0402,3.1,3.03,1.3
"Oct 19, 2015",3.0402,3.0261,3.0664,3.0055,0.47
"Oct 18, 2015",3.0261,3.071,3.0989,3,-1.46
"Oct 17, 2015",3.071,3.101,3.1655,3.0101,-0.97
"Oct 16, 2015",3.101,3.0907,3.16,3.08,0.33
"Oct 15, 2015",3.0907,3.1649,3.1729,3.0721,-2.34
"Oct 14, 2015",3.1649,3.197,3.225,3.0657,-1
"Oct 13, 2015",3.197,3.1675,3.2226,3.1138,0.93
"Oct 12, 2015",3.1675,3.1583,3.19,3.1281,0.29
"Oct 11, 2015",3.1583,3.1141,3.172,3.0901,1.42
"Oct 10, 2015",3.1141,3.115,3.162,3.086,-0.03
"Oct 09, 2015",3.115,3.062,3.1332,3.062,1.73
"Oct 08, 2015",3.062,3.0688,3.0901,3.042,-0.22
"Oct 07, 2015",3.0688,3.169,3.2,3.0465,-3.16
"Oct 06, 2015",3.169,3.0419,3.1901,3.023,5.09
"Oct 04, 2015",3.0154,3.031,3.0839,3.0009,-0.51
"Oct 03, 2015",3.031,2.9929,3.0521,2.9844,1.27
"Oct 02, 2015",2.9929,3.0135,3.0256,2.9735,-0.81
"Oct 01, 2015",3.0173,2.994,3.0671,2.955,0.78
"Sep 30, 2015",2.994,2.9839,3.045,2.9553,0.34
"Sep 29, 2015",2.9839,3.08,3.2,2.9516,-3
"Sep 28, 2015",3.0761,2.8748,3.088,2.8748,7
"Sep 27, 2015",2.8748,2.8988,2.9013,2.8661,-0.83
"Sep 26, 2015",2.8988,2.902,2.9061,2.8664,-0.11
"Sep 25, 2015",2.902,2.9202,2.96,2.8724,-0.62
"Sep 24, 2015",2.9202,2.86,2.9737,2.8555,2.1
"Sep 23, 2015",2.86,2.8536,2.9149,2.8312,0.22
"Sep 22, 2015",2.8536,2.8096,2.924,2.801,1.57
"Sep 21, 2015",2.8096,2.851,2.8782,2.7821,-1.45
"Sep 20, 2015",2.851,2.884,2.8917,2.827,-1.14
"Sep 19, 2015",2.884,2.9653,2.9843,2.871,-2.74
"Sep 18, 2015",2.9653,2.9337,3.0305,2.9273,1.08
"Sep 17, 2015",2.9337,2.8148,2.9588,2.7959,4.22
"Sep 16, 2015",2.8148,2.8198,2.8592,2.7702,-0.18
"Sep 15, 2015",2.8198,2.8498,2.87,2.811,-1.05
"Sep 14, 2015",2.8498,2.816,2.8794,2.79,1.2
"Sep 13, 2015",2.816,2.8351,2.8632,2.75,-0.73
"Sep 12, 2015",2.8366,2.965,2.978,2.801,-4.33
"Sep 11, 2015",2.965,2.955,3.0038,2.9372,0.34
"Sep 10, 2015",2.955,2.9424,2.9971,2.9139,0.43
"Sep 09, 2015",2.9424,3.05,3.06,2.92,-3.53
"Sep 08, 2015",3.05,3.0597,3.159,3,-0.32
"Sep 07, 2015",3.0597,3.0789,3.1684,3,-0.62
"Sep 06, 2015",3.0789,2.951,3.1989,2.93,4.33
"Sep 05, 2015",2.951,2.7098,3.015,2.67,8.9
"Sep 04, 2015",2.7098,2.6481,2.7721,2.6481,2.33
"Sep 03, 2015",2.6481,2.8058,2.815,2.6181,-5.62
"Sep 02, 2015",2.8058,2.84,2.851,2.75,-1.2
"Sep 01, 2015",2.84,2.848,2.9129,2.7875,-0.28
"Aug 31, 2015",2.848,2.8565,2.9,2.78,-0.3
"Aug 30, 2015",2.8565,2.893,2.9397,2.7517,-1.26
"Aug 29, 2015",2.893,2.9,2.949,2.8122,-0.24
"Aug 28, 2015",2.9,2.89,2.9911,2.725,0.35
"Aug 27, 2015",2.89,2.9488,3.0088,2.84,-1.99
"Aug 26, 2015",2.9488,2.9598,3.0946,2.73,-0.37
"Aug 25, 2015",2.9598,3.0501,3.1606,2.53,-2.96
"Aug 24, 2015",3.05,3.3824,3.388,2.9666,-9.83
"Aug 23, 2015",3.3824,3.5383,3.5495,3.3001,-4.41
"Aug 22, 2015",3.5383,3.5697,3.5815,3.41,-0.88
"Aug 21, 2015",3.5697,3.6036,3.67,3.517,-0.94
"Aug 20, 2015",3.6036,3.4982,3.6795,3.4601,3.01
"Aug 19, 2015",3.4982,3.363,3.65,3.21,4.01
"Aug 18, 2015",3.3633,4.01,4.01,3.3302,-16.13
"Aug 17, 2015",4.01,3.9757,4.0787,3.94,0.75
"Aug 16, 2015",3.98,3.9412,4.0263,3.8832,0.98
"Aug 15, 2015",3.9412,4.054,4.088,3.9277,-2.88
"Aug 14, 2015",4.058,3.9,4.13,3.8601,4.05
"Aug 13, 2015",3.9,4.0141,4.0141,3.85,-3.1
"Aug 12, 2015",4.0249,4.175,4.1975,4.0001,-3.27
"Aug 11, 2015",4.161,3.9732,4.179,3.96,4.52
"Aug 10, 2015",3.9811,3.94,4.03,3.87,1.04
"Aug 09, 2015",3.94,3.871,4.0448,3.82,1.88
"Aug 08, 2015",3.8672,4.2484,4.2491,3.828,-8.97
"Aug 07, 2015",4.2484,4.0524,4.27,3.96,4.67
"Aug 06, 2015",4.059,4.37,4.38,4,-7.12
"Aug 05, 2015",4.37,4.4107,4.45,4.2999,-0.91
"Aug 04, 2015",4.41,4.195,4.4997,4.1806,5
"Aug 03, 2015",4.2,4.187,4.41,4.0214,0.32
"Aug 02, 2015",4.1867,4.1488,4.246,3.823,0.92
"Aug 01, 2015",4.1487,4.6402,4.675,4.066,-10.59
"Jul 31, 2015",4.64,4.607,4.8194,4.5,0.71
"Jul 30, 2015",4.6071,4.807,4.807,4.54,-4.16
"Jul 29, 2015",4.807,5.087,5.199,4.692,-5.5
"Jul 28, 2015",5.087,4.69,5.2484,4.6885,8.46
"Jul 27, 2015",4.69,4.7,4.8,4.55,-0.19
"Jul 26, 2015",4.699,4.6779,4.8337,4.463,0.45
"Jul 25, 2015",4.6779,4.6063,4.9967,4.44,1.43
"Jul 24, 2015",4.6119,3.7869,4.77,3.75,21.79
"Jul 23, 2015",3.7869,3.8696,3.8754,3.77,-2.14
"Jul 22, 2015",3.8699,3.7759,3.88,3.6863,2.49
"Jul 21, 2015",3.7759,3.9719,4.05,3.754,-4.93
"Jul 20, 2015",3.9719,3.707,3.973,3.6621,6.88
"Jul 19, 2015",3.7162,4.01,4.0909,3.5502,-7.33
"Jul 18, 2015",4.01,3.7501,4.34,3.74,6.93
"Jul 17, 2015",3.7501,3.707,3.94,3.474,1.3
"Jul 16, 2015",3.702,4.1219,4.22,3.211,-10.19
"Jul 15, 2015",4.1219,4.601,4.72,4.0407,-10.41
"Jul 14, 2015",4.601,4.7,4.99,4.421,-2.11
"Jul 13, 2015",4.7,5.3081,5.3179,4.47,-11.46
"Jul 12, 2015",5.3081,5.1701,5.417,5,-5.67
"Jul 10, 2015",5.6271,7.567,8.9665,5,-25.64
"Jul 09, 2015",7.567,6.97,8.1,6.7702,27.1
"Jul 08, 2015",5.9535,5.446,5.998,5.3809,14.52
"Jul 07, 2015",5.1988,5.3547,5.3789,5.1577,3.98
"Jul 06, 2015",4.9998,4.8066,5.0368,4.7566,20.47
"Jul 05, 2015",4.1501,4.143,4.199,4.04,0.17
"Jul 04, 2015",4.143,4.151,4.189,4.035,-0.19
"Jul 03, 2015",4.151,4.056,4.18,4.015,2.37
"Jul 02, 2015",4.055,3.9431,4.1899,3.9291,2.84
"Jul 01, 2015",3.9431,4.092,4.119,3.8101,-3.64
"Jun 30, 2015",4.092,3.7707,4.366,3.7194,8.52
"Jun 29, 2015",3.7707,3.098,3.975,3.05,20.83
"Jun 28, 2015",3.1206,3.125,3.181,3.0402,-0.14
"Jun 27, 2015",3.125,2.876,3.182,2.864,8.66
"Jun 26, 2015",2.876,2.838,2.91,2.81,1.34
"Jun 25, 2015",2.838,2.7733,2.8899,2.683,2.33
"Jun 24, 2015",2.7733,2.959,2.959,2.772,-6.28
"Jun 23, 2015",2.959,2.9975,3.0195,2.9092,-1.28
"Jun 22, 2015",2.9975,3,3.064,2.945,-0.08
"Jun 21, 2015",3,3.0333,3.0687,2.8606,-1.06
"Jun 20, 2015",3.032,2.81,3.1,2.7131,7.9
"Jun 19, 2015",2.81,3.1018,3.1502,2.702,-9.41
"Jun 18, 2015",3.1018,2.8358,3.21,2.83,9.38
"Jun 17, 2015",2.8358,2.86,3.2497,2.5568,-0.88
"Jun 16, 2015",2.8611,2.01,2.88,2.0052,42.34
"Jun 15, 2015",2.01,2.002,2.0499,1.9905,0.4
"Jun 14, 2015",2.002,1.8498,2.4,1.8498,8.23
"Jun 13, 2015",1.8498,1.8003,1.88,1.791,2.75
"Jun 12, 2015",1.8003,1.7791,1.82,1.7791,1.19
"Jun 11, 2015",1.7791,1.75,1.7999,1.75,1.66
"Jun 10, 2015",1.75,1.8019,1.8019,1.7305,-2.88
"Jun 09, 2015",1.8019,1.7906,1.8263,1.7825,0.63
"Jun 08, 2015",1.7906,1.73,1.807,1.715,3.5
"Jun 07, 2015",1.73,1.76,1.763,1.715,-1.7
"Jun 06, 2015",1.76,1.746,1.776,1.7312,0.8
"Jun 05, 2015",1.746,1.651,1.7758,1.651,5.75
"Jun 04, 2015",1.651,1.687,1.687,1.6478,-2.13
"Jun 03, 2015",1.687,1.659,1.6949,1.645,1.69
"Jun 02, 2015",1.659,1.605,1.682,1.5908,3.36
"Jun 01, 2015",1.605,1.6319,1.6759,1.58,-1.65
"May 31, 2015",1.6319,1.79,1.8284,1.61,-8.83
"May 30, 2015",1.79,1.824,1.825,1.7815,-1.86
"May 29, 2015",1.824,1.83,1.843,1.802,-0.33
"May 28, 2015",1.83,1.831,1.8444,1.812,-0.05
"May 27, 2015",1.831,1.812,1.9159,1.7903,1.05
"May 26, 2015",1.812,1.7985,1.8199,1.7705,0.75
"May 25, 2015",1.7985,1.8489,1.8586,1.7677,-2.73
"May 24, 2015",1.8489,1.7899,1.8567,1.7657,3.3
"May 23, 2015",1.7899,1.834,1.9,1.7503,-2.4
"May 22, 2015",1.834,1.476,1.94,1.4635,24.25
"May 21, 2015",1.476,1.4634,1.48,1.456,0.86
"May 20, 2015",1.4634,1.448,1.47,1.444,1.06
"May 19, 2015",1.448,1.4424,1.4571,1.441,0.39
"May 18, 2015",1.4424,1.4539,1.4689,1.4396,-0.79
"May 17, 2015",1.4539,1.4514,1.47,1.4431,0.17
"May 16, 2015",1.4514,1.4529,1.4634,1.444,-0.1
"May 15, 2015",1.4529,1.4384,1.4561,1.4351,1.01
"May 14, 2015",1.4384,1.4423,1.4657,1.405,-0.27
"May 13, 2015",1.4423,1.442,1.4888,1.44,0.02
"May 12, 2015",1.442,1.445,1.455,1.4321,-0.21
"May 11, 2015",1.445,1.4436,1.4704,1.4301,0.1
"May 10, 2015",1.4436,1.4402,1.4716,1.4213,0.24
"May 09, 2015",1.4402,1.4861,1.5,1.4301,-3.09
"May 08, 2015",1.4861,1.452,1.5029,1.426,2.35
"May 07, 2015",1.452,1.393,1.4899,1.376,4.24
"May 06, 2015",1.393,1.4,1.43,1.385,-0.5
"May 05, 2015",1.4,1.418,1.4502,1.3589,-1.27
"May 04, 2015",1.418,1.441,1.4899,1.4,-1.6
"May 03, 2015",1.441,1.4221,1.47,1.4235,1.33
"May 02, 2015",1.4221,1.4122,1.443,1.404,0.7
"May 01, 2015",1.4122,1.4461,1.4864,1.4043,-2.34
"Apr 30, 2015",1.4461,1.37,1.4689,1.366,5.55
"Apr 29, 2015",1.37,1.3768,1.3969,1.352,-0.49
"Apr 28, 2015",1.3768,1.3748,1.3961,1.3471,0.15
"Apr 27, 2015",1.3748,1.332,1.4067,1.3244,3.21
"Apr 26, 2015",1.332,1.407,1.4077,1.306,-5.33
"Apr 25, 2015",1.407,1.4222,1.4373,1.3565,-1.07
"Apr 24, 2015",1.4222,1.4491,1.4649,1.4111,-1.86
"Apr 23, 2015",1.4491,1.454,1.4649,1.4351,-0.34
"Apr 22, 2015",1.454,1.4352,1.4799,1.4202,1.31
"Apr 21, 2015",1.4352,1.4053,1.4402,1.3893,2.13
"Apr 20, 2015",1.4053,1.3948,1.4179,1.38,0.75
"Apr 19, 2015",1.3948,1.3969,1.4268,1.3822,-0.15
"Apr 18, 2015",1.3969,1.4087,1.4239,1.3836,-0.84
"Apr 17, 2015",1.4087,1.4099,1.4325,1.39,-0.09
"Apr 16, 2015",1.4099,1.379,1.44,1.367,2.24
"Apr 15, 2015",1.379,1.383,1.42,1.331,-0.66
"Apr 14, 2015",1.3882,1.3731,1.391,1.328,1.1
"Apr 13, 2015",1.3731,1.474,1.4927,1.3601,-6.85
"Apr 12, 2015",1.474,1.4597,1.4899,1.453,0.98
"Apr 11, 2015",1.4597,1.5102,1.547,1.43,-3.34
"Apr 10, 2015",1.5102,1.58,1.6016,1.503,-4.42
"Apr 09, 2015",1.58,1.6305,1.6348,0.9849,-3.1
"Apr 08, 2015",1.6305,1.666,1.6759,1.6101,-2.13
"Apr 07, 2015",1.666,1.6954,1.6954,1.64,-1.73
"Apr 06, 2015",1.6954,1.7012,1.72,1.6586,-0.34
"Apr 05, 2015",1.7012,1.689,1.7199,1.676,0.72
"Apr 04, 2015",1.689,1.7,1.7048,1.6781,-0.65
"Apr 03, 2015",1.7,1.684,1.7289,1.675,0.95
"Apr 02, 2015",1.684,1.68,1.719,1.6471,0.24
"Apr 01, 2015",1.68,1.6525,1.68,1.625,1.66
"Mar 31, 2015",1.6525,1.685,1.685,1.63,-1.93
"Mar 30, 2015",1.685,1.651,1.6898,1.683,2.06
"Mar 29, 2015",1.651,1.718,1.6868,1.634,-3.9
"Mar 28, 2015",1.718,1.682,1.725,1.682,2.14
"Mar 27, 2015",1.682,1.6915,1.71,1.676,-0.56
"Mar 26, 2015",1.6915,1.6962,1.7281,1.6912,-0.28
"Mar 25, 2015",1.6962,1.657,1.8138,1.61,2.37
"Mar 24, 2015",1.657,1.791,1.8099,1.6301,-7.48
"Mar 23, 2015",1.791,1.8,1.8164,1.75,-0.5
"Mar 22, 2015",1.8,1.75,1.814,1.7381,2.86
"Mar 21, 2015",1.75,1.791,1.791,1.73,-2.29
"Mar 20, 2015",1.791,1.7791,1.8,1.755,0.67
"Mar 19, 2015",1.7791,1.7596,1.818,1.651,1.11
"Mar 18, 2015",1.7596,1.99,1.99,1.722,-11.58
"Mar 17, 2015",1.99,2.0222,2.0409,1.9692,-1.59
"Mar 16, 2015",2.0222,2.0194,2.06,2.0156,0.14
"Mar 15, 2015",2.0194,1.9884,2.034,1.9821,1.56
"Mar 14, 2015",1.9884,2,2.0268,1.9741,-0.58
"Mar 13, 2015",2,2.0554,2.0589,2,-2.7
"Mar 12, 2015",2.0554,2.031,2.076,2.001,1.2
"Mar 11, 2015",2.031,2.004,2.0329,1.998,1.35
"Mar 10, 2015",2.004,1.9584,2.1021,1.9902,2.33
"Mar 09, 2015",1.9584,1.8929,1.97,1.9061,3.46
"Mar 08, 2015",1.8929,1.923,1.924,1.8704,-1.57
"Mar 07, 2015",1.923,1.9079,1.943,1.8913,0.79
"Mar 06, 2015",1.9079,1.932,1.9425,1.8804,-1.25
"Mar 05, 2015",1.932,1.933,1.9599,1.886,-0.05
"Mar 04, 2015",1.933,1.9618,1.985,1.91,-1.47
"Mar 03, 2015",1.9618,1.958,2.0055,1.905,0.19
"Mar 02, 2015",1.958,1.9219,1.9641,1.8878,1.88
"Mar 01, 2015",1.9219,1.852,1.9261,1.8111,3.77
"Feb 28, 2015",1.852,1.863,1.865,1.832,-0.59
"Feb 27, 2015",1.863,1.8,1.8879,1.799,3.5
"Feb 26, 2015",1.8,1.814,1.8263,1.8,-0.77
"Feb 25, 2015",1.814,1.828,1.8329,1.788,-0.77
"Feb 24, 2015",1.828,1.8191,1.828,1.8042,0.49
"Feb 23, 2015",1.8191,1.7867,1.839,1.7867,1.81
"Feb 22, 2015",1.7867,1.851,1.868,1.777,-3.47
"Feb 21, 2015",1.851,1.846,1.8629,1.835,0.27
"Feb 20, 2015",1.846,1.839,1.864,1.83,0.38
"Feb 19, 2015",1.839,1.81,1.8587,1.807,1.6
"Feb 18, 2015",1.81,1.857,1.8878,1.7931,-2.53
"Feb 17, 2015",1.857,1.802,1.8739,1.7871,3.05
"Feb 16, 2015",1.802,1.8316,1.85,1.79,-1.62
"Feb 15, 2015",1.8316,1.9525,2.0443,1.7893,-6.12
"Feb 14, 2015",1.9511,1.825,1.985,1.825,6.91
"Feb 13, 2015",1.825,1.769,1.8889,1.76,3.17
"Feb 12, 2015",1.769,1.729,1.7768,1.71,2.31
,,,,,
,Highest:93.61900,Lowest:0.00000,Difference:93.61900,Average:11.15459,"Change %:3,272.52757"
